{"cameraMode":{"drawMode":0,"name":"Shaded","section":"Shading Mode"},"sceneLighting":false,"audioPlay":false,"sceneViewState":{"m_AlwaysRefresh":false,"showFog":true,"showSkybox":false,"showFlares":true,"showImageEffects":true,"showParticleSystems":true,"showVisualEffectGraphs":true,"m_FxEnabled":true},"in2DMode":false,"pivot":{"x":5.46999979019165,"y":1.8009934425354005,"z":1.2351570129394532},"rotation":{"x":-0.052075572311878207,"y":0.8048800826072693,"z":-0.07141580432653427,"w":-0.5868526697158814},"size":0.3464100956916809,"orthographic":true}