{"cameraMode":{"drawMode":0,"name":"Shaded","section":"Shading Mode"},"sceneLighting":true,"audioPlay":false,"sceneViewState":{"m_AlwaysRefresh":false,"showFog":true,"showSkybox":true,"showFlares":true,"showImageEffects":true,"showParticleSystems":true,"showVisualEffectGraphs":true,"m_FxEnabled":true},"in2DMode":false,"pivot":{"x":1.8712573051452637,"y":0.44594836235046389,"z":-1.4632158279418946},"rotation":{"x":-0.0327143669128418,"y":0.9659399390220642,"z":-0.15371285378932954,"w":-0.20557892322540284},"size":9.223176956176758,"orthographic":false}