{"cameraMode":{"drawMode":0,"name":"Shaded","section":"Shading Mode"},"sceneLighting":true,"audioPlay":false,"sceneViewState":{"m_AlwaysRefresh":false,"showFog":true,"showSkybox":true,"showFlares":true,"showImageEffects":true,"showParticleSystems":true,"showVisualEffectGraphs":true,"m_FxEnabled":true},"in2DMode":false,"pivot":{"x":-32.43379211425781,"y":6.165910720825195,"z":22.320552825927736},"rotation":{"x":0.014585958793759346,"y":0.8858631253242493,"z":-0.027913711965084077,"w":0.4628801643848419},"size":5.8903889656066898,"orthographic":true}