{"cameraMode":{"drawMode":0,"name":"Shaded","section":"Shading Mode"},"sceneLighting":true,"audioPlay":false,"sceneViewState":{"m_AlwaysRefresh":false,"showFog":true,"showSkybox":true,"showFlares":true,"showImageEffects":true,"showParticleSystems":true,"showVisualEffectGraphs":true,"m_FxEnabled":true},"in2DMode":false,"pivot":{"x":-1.3099560737609864,"y":0.8565983772277832,"z":-0.07019948959350586},"rotation":{"x":0.004080689512193203,"y":-0.9936029314994812,"z":0.10622050613164902,"w":0.03817122429609299},"size":13.932991027832032,"orthographic":true}