{"cameraMode":{"drawMode":0,"name":"Shaded","section":"Shading Mode"},"sceneLighting":true,"audioPlay":false,"sceneViewState":{"m_AlwaysRefresh":false,"showFog":true,"showSkybox":true,"showFlares":true,"showImageEffects":true,"showParticleSystems":true,"showVisualEffectGraphs":true,"m_FxEnabled":true},"in2DMode":false,"pivot":{"x":-32.486995697021487,"y":2.3399999141693117,"z":24.06999969482422},"rotation":{"x":0.15619303286075593,"y":0.6960778832435608,"z":-0.15931402146816255,"w":0.6824317574501038},"size":4.6495208740234379,"orthographic":true}