{"cameraMode":{"drawMode":0,"name":"Shaded","section":"Shading Mode"},"sceneLighting":true,"audioPlay":false,"sceneViewState":{"m_AlwaysRefresh":false,"showFog":true,"showSkybox":true,"showFlares":true,"showImageEffects":true,"showParticleSystems":true,"showVisualEffectGraphs":true,"m_FxEnabled":true},"in2DMode":false,"pivot":{"x":-18.309999465942384,"y":3.5500001907348635,"z":0.23000001907348634},"rotation":{"x":0.028316345065832139,"y":0.8913763761520386,"z":-0.44887104630470278,"w":0.05623112618923187},"size":2.2567343711853029,"orthographic":true}