{"cameraMode":{"drawMode":0,"name":"Shaded","section":"Shading Mode"},"sceneLighting":true,"audioPlay":false,"sceneViewState":{"m_AlwaysRefresh":false,"showFog":true,"showSkybox":true,"showFlares":true,"showImageEffects":true,"showParticleSystems":true,"showVisualEffectGraphs":true,"m_FxEnabled":true},"in2DMode":false,"pivot":{"x":1.7809395790100098,"y":1.3095532655715943,"z":-1.3414263725280762},"rotation":{"x":0.02430533990263939,"y":-0.9522647857666016,"z":0.07874058187007904,"w":0.29394206404685976},"size":3.039645195007324,"orthographic":true}