{"cameraMode":{"drawMode":0,"name":"Shaded","section":"Shading Mode"},"sceneLighting":true,"audioPlay":false,"sceneViewState":{"m_AlwaysRefresh":false,"showFog":true,"showSkybox":true,"showFlares":true,"showImageEffects":true,"showParticleSystems":true,"showVisualEffectGraphs":true,"m_FxEnabled":true},"in2DMode":false,"pivot":{"x":-32.486995697021487,"y":2.263000011444092,"z":24.06599998474121},"rotation":{"x":-0.04298727959394455,"y":0.8657861948013306,"z":-0.07551324367523194,"w":-0.49284791946411135},"size":2.4657773971557619,"orthographic":true}