{"cameraMode":{"drawMode":0,"name":"Shaded","section":"Shading Mode"},"sceneLighting":true,"audioPlay":false,"sceneViewState":{"m_AlwaysRefresh":false,"showFog":true,"showSkybox":true,"showFlares":true,"showImageEffects":true,"showParticleSystems":true,"showVisualEffectGraphs":true,"m_FxEnabled":true},"in2DMode":false,"pivot":{"x":-38.89870834350586,"y":3.9384372234344484,"z":26.42746925354004},"rotation":{"x":0.05352864786982536,"y":0.8257436752319336,"z":-0.07951550930738449,"w":0.5558741092681885},"size":3.6426525115966799,"orthographic":true}