{"cameraMode":{"drawMode":0,"name":"Shaded","section":"Shading Mode"},"sceneLighting":true,"audioPlay":false,"sceneViewState":{"m_AlwaysRefresh":false,"showFog":true,"showSkybox":true,"showFlares":true,"showImageEffects":true,"showParticleSystems":true,"showVisualEffectGraphs":true,"m_FxEnabled":true},"in2DMode":false,"pivot":{"x":-15.689598083496094,"y":13.723865509033204,"z":3.3316590785980226},"rotation":{"x":-0.05725322291254997,"y":0.8748970031738281,"z":-0.10682709515094757,"w":-0.4689100682735443},"size":363.17791748046877,"orthographic":true}