{"cameraMode":{"drawMode":0,"name":"Shaded","section":"Shading Mode"},"sceneLighting":true,"audioPlay":false,"sceneViewState":{"m_AlwaysRefresh":false,"showFog":true,"showSkybox":true,"showFlares":true,"showImageEffects":true,"showParticleSystems":true,"showVisualEffectGraphs":true,"m_FxEnabled":true},"in2DMode":false,"pivot":{"x":-39.068843841552737,"y":3.7001495361328127,"z":26.967815399169923},"rotation":{"x":0.00012499721196945757,"y":0.9998524188995361,"z":-0.016498887911438943,"w":0.0074972896836698059},"size":2.9391798973083498,"orthographic":true}