{"cameraMode":{"drawMode":0,"name":"Shaded","section":"Shading Mode"},"sceneLighting":true,"audioPlay":false,"sceneViewState":{"m_AlwaysRefresh":false,"showFog":true,"showSkybox":true,"showFlares":true,"showImageEffects":true,"showParticleSystems":true,"showVisualEffectGraphs":true,"m_FxEnabled":true},"in2DMode":false,"pivot":{"x":-12.157684326171875,"y":1.8009934425354005,"z":1.2351570129394532},"rotation":{"x":0.04943178966641426,"y":0.3351888656616211,"z":-0.017613261938095094,"w":0.9406895637512207},"size":16.294925689697267,"orthographic":true}