{"cameraMode":{"drawMode":0,"name":"Shaded","section":"Shading Mode"},"sceneLighting":false,"audioPlay":false,"sceneViewState":{"m_AlwaysRefresh":false,"showFog":true,"showSkybox":false,"showFlares":true,"showImageEffects":true,"showParticleSystems":true,"showVisualEffectGraphs":true,"m_FxEnabled":true},"in2DMode":false,"pivot":{"x":1.8712573051452637,"y":2.5459482669830324,"z":-1.4632158279418946},"rotation":{"x":-0.2987924814224243,"y":0.07889465987682343,"z":-0.02480262704193592,"w":-0.9507419466972351},"size":2.1213200092315676,"orthographic":true}